function_name,key,path,time
Function Name,Key,Path,Time
register_data,lorenz_raw_1_to_50000,C:/Users/tsmac/OneDrive/Documents/Machine-Learning-Experiments_v0.4/storage/data sets/raw/,2024-04-09 01:02:01
save_data,lorenz_raw_1_to_50000,C:/Users/tsmac/OneDrive/Documents/Machine-Learning-Experiments_v0.4/storage/data sets/raw/,2024-04-09 01:02:03
load_data,lorenz_raw_1_to_50000,C:/Users/tsmac/OneDrive/Documents/Machine-Learning-Experiments_v0.4/storage/data sets/raw/,2024-04-09 01:02:03
register_data,lorenz_raw_1_to_50000,C:/Users/tsmac/OneDrive/Documents/Machine-Learning-Experiments_v0.4/storage/data sets/raw/,2024-04-09 01:02:16
save_data,lorenz_raw_1_to_50000,C:/Users/tsmac/OneDrive/Documents/Machine-Learning-Experiments_v0.4/storage/data sets/raw/,2024-04-09 01:02:16
load_data,lorenz_raw_1_to_50000,C:/Users/tsmac/OneDrive/Documents/Machine-Learning-Experiments_v0.4/storage/data sets/raw/,2024-04-09 01:02:16
register_data,lorenz_raw_1_to_50000,C:/Users/tsmac/OneDrive/Documents/Machine-Learning-Experiments_v0.4/storage/data sets/raw/,2024-04-09 01:02:42
save_data,lorenz_raw_1_to_50000,C:/Users/tsmac/OneDrive/Documents/Machine-Learning-Experiments_v0.4/storage/data sets/raw/,2024-04-09 01:02:42
load_data,lorenz_raw_1_to_50000,C:/Users/tsmac/OneDrive/Documents/Machine-Learning-Experiments_v0.4/storage/data sets/raw/,2024-04-09 01:02:42
register_data,lorenz_raw_1_to_50000,C:/Users/tsmac/OneDrive/Documents/Machine-Learning-Experiments_v0.4/storage/data sets/raw/,2024-04-09 01:04:07
save_data,lorenz_raw_1_to_50000,C:/Users/tsmac/OneDrive/Documents/Machine-Learning-Experiments_v0.4/storage/data sets/raw/,2024-04-09 01:04:07
load_data,lorenz_raw_1_to_50000,C:/Users/tsmac/OneDrive/Documents/Machine-Learning-Experiments_v0.4/storage/data sets/raw/,2024-04-09 01:04:07
register_data,lorenz_raw_1_to_50000,C:/Users/tsmac/OneDrive/Documents/Machine-Learning-Experiments_v0.4/storage/data sets/raw/,2024-04-09 01:05:12
save_data,lorenz_raw_1_to_50000,C:/Users/tsmac/OneDrive/Documents/Machine-Learning-Experiments_v0.4/storage/data sets/raw/,2024-04-09 01:05:12
load_data,lorenz_raw_1_to_50000,C:/Users/tsmac/OneDrive/Documents/Machine-Learning-Experiments_v0.4/storage/data sets/raw/,2024-04-09 01:05:12
register_data,lorenz_raw_1_to_50000,C:/Users/tsmac/OneDrive/Documents/Machine-Learning-Experiments_v0.4/storage/data sets/raw/,2024-04-09 01:14:31
save_data,lorenz_raw_1_to_50000,C:/Users/tsmac/OneDrive/Documents/Machine-Learning-Experiments_v0.4/storage/data sets/raw/,2024-04-09 01:14:31
load_data,lorenz_raw_1_to_50000,C:/Users/tsmac/OneDrive/Documents/Machine-Learning-Experiments_v0.4/storage/data sets/raw/,2024-04-09 01:14:31
register_data,lorenz_raw_1_to_50000,C:/Users/tsmac/OneDrive/Documents/Machine-Learning-Experiments_v0.4/storage/data sets/raw/,2024-04-09 01:16:28
save_data,lorenz_raw_1_to_50000,C:/Users/tsmac/OneDrive/Documents/Machine-Learning-Experiments_v0.4/storage/data sets/raw/,2024-04-09 01:16:28
load_data,lorenz_raw_1_to_50000,C:/Users/tsmac/OneDrive/Documents/Machine-Learning-Experiments_v0.4/storage/data sets/raw/,2024-04-09 01:16:28
register_data,lorenz_raw_1_to_50000,C:/Users/tsmac/OneDrive/Documents/Machine-Learning-Experiments_v0.4/storage/data sets/raw/,2024-04-09 01:20:51
save_data,lorenz_raw_1_to_50000,C:/Users/tsmac/OneDrive/Documents/Machine-Learning-Experiments_v0.4/storage/data sets/raw/,2024-04-09 01:20:53
load_data,lorenz_raw_1_to_50000,C:/Users/tsmac/OneDrive/Documents/Machine-Learning-Experiments_v0.4/storage/data sets/raw/,2024-04-09 01:20:53
register_data,lorenz_raw_1_to_50000,C:/Users/tsmac/OneDrive/Documents/Machine-Learning-Experiments_v0.4/storage/data sets/raw/,2024-04-09 01:24:08
save_data,lorenz_raw_1_to_50000,C:/Users/tsmac/OneDrive/Documents/Machine-Learning-Experiments_v0.4/storage/data sets/raw/,2024-04-09 01:24:08
load_data,lorenz_raw_1_to_50000,C:/Users/tsmac/OneDrive/Documents/Machine-Learning-Experiments_v0.4/storage/data sets/raw/,2024-04-09 01:24:08
register_data,lorenz_raw_1_to_50000,C:/Users/tsmac/OneDrive/Documents/Machine-Learning-Experiments_v0.4/storage/data sets/raw/,2024-04-09 01:26:48
save_data,lorenz_raw_1_to_50000,C:/Users/tsmac/OneDrive/Documents/Machine-Learning-Experiments_v0.4/storage/data sets/raw/,2024-04-09 01:26:48
load_data,lorenz_raw_1_to_50000,C:/Users/tsmac/OneDrive/Documents/Machine-Learning-Experiments_v0.4/storage/data sets/raw/,2024-04-09 01:26:48
register_data,lorenz_raw_1_to_50000,C:/Users/tsmac/OneDrive/Documents/Machine-Learning-Experiments_v0.4/storage/data sets/raw/,2024-04-09 01:27:59
save_data,lorenz_raw_1_to_50000,C:/Users/tsmac/OneDrive/Documents/Machine-Learning-Experiments_v0.4/storage/data sets/raw/,2024-04-09 01:28:00
load_data,lorenz_raw_1_to_50000,C:/Users/tsmac/OneDrive/Documents/Machine-Learning-Experiments_v0.4/storage/data sets/raw/,2024-04-09 01:28:00
register_data,lorenz_raw_1_to_50000,C:/Users/tsmac/OneDrive/Documents/Machine-Learning-Experiments_v0.4/storage/data sets/raw/,2024-04-09 01:30:53
save_data,lorenz_raw_1_to_50000,C:/Users/tsmac/OneDrive/Documents/Machine-Learning-Experiments_v0.4/storage/data sets/raw/,2024-04-09 01:30:53
load_data,lorenz_raw_1_to_50000,C:/Users/tsmac/OneDrive/Documents/Machine-Learning-Experiments_v0.4/storage/data sets/raw/,2024-04-09 01:30:53
register_data,lorenz_raw_1_to_50000,C:/Users/tsmac/OneDrive/Documents/Machine-Learning-Experiments_v0.4/storage/data sets/raw/,2024-04-09 01:40:38
save_data,lorenz_raw_1_to_50000,C:/Users/tsmac/OneDrive/Documents/Machine-Learning-Experiments_v0.4/storage/data sets/raw/,2024-04-09 01:40:38
load_data,lorenz_raw_1_to_50000,C:/Users/tsmac/OneDrive/Documents/Machine-Learning-Experiments_v0.4/storage/data sets/raw/,2024-04-09 01:40:38
register_data,lorenz_raw_1_to_50000,C:/Users/tsmac/OneDrive/Documents/Machine-Learning-Experiments_v0.4/storage/data sets/raw/,2024-04-09 10:23:47
save_data,lorenz_raw_1_to_50000,C:/Users/tsmac/OneDrive/Documents/Machine-Learning-Experiments_v0.4/storage/data sets/raw/,2024-04-09 10:23:49
load_data,lorenz_raw_1_to_50000,C:/Users/tsmac/OneDrive/Documents/Machine-Learning-Experiments_v0.4/storage/data sets/raw/,2024-04-09 10:23:49
register_data,lorenz_raw_1_to_50000,C:/Users/tsmac/OneDrive/Documents/Machine-Learning-Experiments_v0.4/storage/data sets/raw/,2024-04-09 10:26:24
save_data,lorenz_raw_1_to_50000,C:/Users/tsmac/OneDrive/Documents/Machine-Learning-Experiments_v0.4/storage/data sets/raw/,2024-04-09 10:26:26
load_data,lorenz_raw_1_to_50000,C:/Users/tsmac/OneDrive/Documents/Machine-Learning-Experiments_v0.4/storage/data sets/raw/,2024-04-09 10:26:26
register_data,lorenz_raw_1_to_50000,C:/Users/tsmac/OneDrive/Documents/Machine-Learning-Experiments_v0.4/storage/data sets/raw/,2024-04-09 10:34:34
save_data,lorenz_raw_1_to_50000,C:/Users/tsmac/OneDrive/Documents/Machine-Learning-Experiments_v0.4/storage/data sets/raw/,2024-04-09 10:34:34
load_data,lorenz_raw_1_to_50000,C:/Users/tsmac/OneDrive/Documents/Machine-Learning-Experiments_v0.4/storage/data sets/raw/,2024-04-09 10:34:34
register_data,lorenz_raw_1_to_50000,C:/Users/tsmac/OneDrive/Documents/Machine-Learning-Experiments_v0.4/storage/data sets/raw/,2024-04-09 10:37:40
save_data,lorenz_raw_1_to_50000,C:/Users/tsmac/OneDrive/Documents/Machine-Learning-Experiments_v0.4/storage/data sets/raw/,2024-04-09 10:37:42
load_data,lorenz_raw_1_to_50000,C:/Users/tsmac/OneDrive/Documents/Machine-Learning-Experiments_v0.4/storage/data sets/raw/,2024-04-09 10:37:42
register_data,lorenz_raw_1_to_50000,C:/Users/tsmac/OneDrive/Documents/Machine-Learning-Experiments_v0.4/storage/data sets/raw/,2024-04-09 10:38:46
save_data,lorenz_raw_1_to_50000,C:/Users/tsmac/OneDrive/Documents/Machine-Learning-Experiments_v0.4/storage/data sets/raw/,2024-04-09 10:38:48
load_data,lorenz_raw_1_to_50000,C:/Users/tsmac/OneDrive/Documents/Machine-Learning-Experiments_v0.4/storage/data sets/raw/,2024-04-09 10:38:48
register_data,lorenz_raw_1_to_120000,C:/Users/tsmac/OneDrive/Documents/Machine-Learning-Experiments_v0.4/storage/data sets/raw/,2024-04-09 10:40:54
save_data,lorenz_raw_1_to_120000,C:/Users/tsmac/OneDrive/Documents/Machine-Learning-Experiments_v0.4/storage/data sets/raw/,2024-04-09 10:40:54
load_data,lorenz_raw_1_to_120000,C:/Users/tsmac/OneDrive/Documents/Machine-Learning-Experiments_v0.4/storage/data sets/raw/,2024-04-09 10:40:54
register_data,lorenz_raw_1_to_120000,C:/Users/tsmac/OneDrive/Documents/Machine-Learning-Experiments_v0.4/storage/data sets/raw/,2024-04-09 10:52:25
save_data,lorenz_raw_1_to_120000,C:/Users/tsmac/OneDrive/Documents/Machine-Learning-Experiments_v0.4/storage/data sets/raw/,2024-04-09 10:52:27
load_data,lorenz_raw_1_to_120000,C:/Users/tsmac/OneDrive/Documents/Machine-Learning-Experiments_v0.4/storage/data sets/raw/,2024-04-09 10:52:27
register_data,lorenz_raw_1_to_120000,C:/Users/tsmac/OneDrive/Documents/Machine-Learning-Experiments_v0.4/storage/data sets/raw/,2024-04-09 11:05:17
save_data,lorenz_raw_1_to_120000,C:/Users/tsmac/OneDrive/Documents/Machine-Learning-Experiments_v0.4/storage/data sets/raw/,2024-04-09 11:05:17
load_data,lorenz_raw_1_to_120000,C:/Users/tsmac/OneDrive/Documents/Machine-Learning-Experiments_v0.4/storage/data sets/raw/,2024-04-09 11:05:17
register_data,lorenz_raw_1_to_120000,C:/Users/tsmac/OneDrive/Documents/Machine-Learning-Experiments_v0.4/storage/data sets/raw/,2024-04-09 11:08:32
save_data,lorenz_raw_1_to_120000,C:/Users/tsmac/OneDrive/Documents/Machine-Learning-Experiments_v0.4/storage/data sets/raw/,2024-04-09 11:08:32
load_data,lorenz_raw_1_to_120000,C:/Users/tsmac/OneDrive/Documents/Machine-Learning-Experiments_v0.4/storage/data sets/raw/,2024-04-09 11:08:32
register_data,lorenz_raw_1_to_120000,C:/Users/tsmac/OneDrive/Documents/Machine-Learning-Experiments_v0.4/storage/data sets/raw/,2024-04-09 11:13:30
save_data,lorenz_raw_1_to_120000,C:/Users/tsmac/OneDrive/Documents/Machine-Learning-Experiments_v0.4/storage/data sets/raw/,2024-04-09 11:13:32
load_data,lorenz_raw_1_to_120000,C:/Users/tsmac/OneDrive/Documents/Machine-Learning-Experiments_v0.4/storage/data sets/raw/,2024-04-09 11:13:32
register_data,lorenz_raw_1_to_120000,C:/Users/tsmac/OneDrive/Documents/Machine-Learning-Experiments_v0.4/storage/data sets/raw/,2024-04-09 11:17:18
save_data,lorenz_raw_1_to_120000,C:/Users/tsmac/OneDrive/Documents/Machine-Learning-Experiments_v0.4/storage/data sets/raw/,2024-04-09 11:17:20
load_data,lorenz_raw_1_to_120000,C:/Users/tsmac/OneDrive/Documents/Machine-Learning-Experiments_v0.4/storage/data sets/raw/,2024-04-09 11:17:20
register_data,lorenz_raw_1_to_120000,C:/Users/tsmac/OneDrive/Documents/Machine-Learning-Experiments_v0.4/storage/data sets/raw/,2024-04-09 11:26:19
save_data,lorenz_raw_1_to_120000,C:/Users/tsmac/OneDrive/Documents/Machine-Learning-Experiments_v0.4/storage/data sets/raw/,2024-04-09 11:26:19
load_data,lorenz_raw_1_to_120000,C:/Users/tsmac/OneDrive/Documents/Machine-Learning-Experiments_v0.4/storage/data sets/raw/,2024-04-09 11:26:19
register_data,lorenz_raw_1_to_12000,C:/Users/tsmac/OneDrive/Documents/Machine-Learning-Experiments_v0.4/storage/data sets/raw/,2024-04-09 11:29:47
save_data,lorenz_raw_1_to_12000,C:/Users/tsmac/OneDrive/Documents/Machine-Learning-Experiments_v0.4/storage/data sets/raw/,2024-04-09 11:29:47
load_data,lorenz_raw_1_to_12000,C:/Users/tsmac/OneDrive/Documents/Machine-Learning-Experiments_v0.4/storage/data sets/raw/,2024-04-09 11:29:47
register_data,lorenz_raw_1_to_12000,C:/Users/tsmac/OneDrive/Documents/Machine-Learning-Experiments_v0.4/storage/data sets/raw/,2024-04-09 11:30:02
save_data,lorenz_raw_1_to_12000,C:/Users/tsmac/OneDrive/Documents/Machine-Learning-Experiments_v0.4/storage/data sets/raw/,2024-04-09 11:30:02
load_data,lorenz_raw_1_to_12000,C:/Users/tsmac/OneDrive/Documents/Machine-Learning-Experiments_v0.4/storage/data sets/raw/,2024-04-09 11:30:02
register_data,lorenz_raw_1_to_12000,C:/Users/tsmac/OneDrive/Documents/Machine-Learning-Experiments_v0.4/storage/data sets/raw/,2024-04-09 11:35:08
save_data,lorenz_raw_1_to_12000,C:/Users/tsmac/OneDrive/Documents/Machine-Learning-Experiments_v0.4/storage/data sets/raw/,2024-04-09 11:35:10
load_data,lorenz_raw_1_to_12000,C:/Users/tsmac/OneDrive/Documents/Machine-Learning-Experiments_v0.4/storage/data sets/raw/,2024-04-09 11:35:10
register_data,lorenz_raw_1_to_12000,C:/Users/tsmac/OneDrive/Documents/Machine-Learning-Experiments_v0.4/storage/data sets/raw/,2024-04-09 11:37:20
save_data,lorenz_raw_1_to_12000,C:/Users/tsmac/OneDrive/Documents/Machine-Learning-Experiments_v0.4/storage/data sets/raw/,2024-04-09 11:37:20
load_data,lorenz_raw_1_to_12000,C:/Users/tsmac/OneDrive/Documents/Machine-Learning-Experiments_v0.4/storage/data sets/raw/,2024-04-09 11:37:20
register_data,lorenz_raw_1_to_12000,C:/Users/tsmac/OneDrive/Documents/Machine-Learning-Experiments_v0.4/storage/data sets/raw/,2024-04-09 11:38:02
save_data,lorenz_raw_1_to_12000,C:/Users/tsmac/OneDrive/Documents/Machine-Learning-Experiments_v0.4/storage/data sets/raw/,2024-04-09 11:38:02
load_data,lorenz_raw_1_to_12000,C:/Users/tsmac/OneDrive/Documents/Machine-Learning-Experiments_v0.4/storage/data sets/raw/,2024-04-09 11:38:02
register_data,lorenz_raw_1_to_12000,C:/Users/tsmac/OneDrive/Documents/Machine-Learning-Experiments_v0.4/storage/data sets/raw/,2024-04-09 11:40:56
save_data,lorenz_raw_1_to_12000,C:/Users/tsmac/OneDrive/Documents/Machine-Learning-Experiments_v0.4/storage/data sets/raw/,2024-04-09 11:40:56
load_data,lorenz_raw_1_to_12000,C:/Users/tsmac/OneDrive/Documents/Machine-Learning-Experiments_v0.4/storage/data sets/raw/,2024-04-09 11:40:56
register_data,lorenz_raw_1_to_12000,C:/Users/tsmac/OneDrive/Documents/Machine-Learning-Experiments_v0.4/storage/data sets/raw/,2024-04-09 11:42:54
save_data,lorenz_raw_1_to_12000,C:/Users/tsmac/OneDrive/Documents/Machine-Learning-Experiments_v0.4/storage/data sets/raw/,2024-04-09 11:42:56
load_data,lorenz_raw_1_to_12000,C:/Users/tsmac/OneDrive/Documents/Machine-Learning-Experiments_v0.4/storage/data sets/raw/,2024-04-09 11:42:56
register_data,lorenz_raw_1_to_12000,C:/Users/tsmac/OneDrive/Documents/Machine-Learning-Experiments_v0.4/storage/data sets/raw/,2024-04-09 11:48:01
save_data,lorenz_raw_1_to_12000,C:/Users/tsmac/OneDrive/Documents/Machine-Learning-Experiments_v0.4/storage/data sets/raw/,2024-04-09 11:48:03
load_data,lorenz_raw_1_to_12000,C:/Users/tsmac/OneDrive/Documents/Machine-Learning-Experiments_v0.4/storage/data sets/raw/,2024-04-09 11:48:03
register_data,lorenz_raw_1_to_12000,C:/Users/tsmac/OneDrive/Documents/Machine-Learning-Experiments_v0.4/storage/data sets/raw/,2024-04-09 11:51:01
save_data,lorenz_raw_1_to_12000,C:/Users/tsmac/OneDrive/Documents/Machine-Learning-Experiments_v0.4/storage/data sets/raw/,2024-04-09 11:51:01
load_data,lorenz_raw_1_to_12000,C:/Users/tsmac/OneDrive/Documents/Machine-Learning-Experiments_v0.4/storage/data sets/raw/,2024-04-09 11:51:01
register_data,lorenz_raw_1_to_12000,C:/Users/tsmac/OneDrive/Documents/Machine-Learning-Experiments_v0.4/storage/data sets/raw/,2024-04-09 11:51:17
save_data,lorenz_raw_1_to_12000,C:/Users/tsmac/OneDrive/Documents/Machine-Learning-Experiments_v0.4/storage/data sets/raw/,2024-04-09 11:51:17
load_data,lorenz_raw_1_to_12000,C:/Users/tsmac/OneDrive/Documents/Machine-Learning-Experiments_v0.4/storage/data sets/raw/,2024-04-09 11:51:17
register_data,lorenz_raw_1_to_12000,C:/Users/tsmac/OneDrive/Documents/Machine-Learning-Experiments_v0.4/storage/data sets/raw/,2024-04-09 11:51:25
save_data,lorenz_raw_1_to_12000,C:/Users/tsmac/OneDrive/Documents/Machine-Learning-Experiments_v0.4/storage/data sets/raw/,2024-04-09 11:51:25
load_data,lorenz_raw_1_to_12000,C:/Users/tsmac/OneDrive/Documents/Machine-Learning-Experiments_v0.4/storage/data sets/raw/,2024-04-09 11:51:25
register_data,lorenz_raw_1_to_12000,C:/Users/tsmac/OneDrive/Documents/Machine-Learning-Experiments_v0.4/storage/data sets/raw/,2024-04-09 11:54:15
save_data,lorenz_raw_1_to_12000,C:/Users/tsmac/OneDrive/Documents/Machine-Learning-Experiments_v0.4/storage/data sets/raw/,2024-04-09 11:54:15
load_data,lorenz_raw_1_to_12000,C:/Users/tsmac/OneDrive/Documents/Machine-Learning-Experiments_v0.4/storage/data sets/raw/,2024-04-09 11:54:15
register_data,lorenz_raw_1_to_12000,C:/Users/tsmac/OneDrive/Documents/Machine-Learning-Experiments_v0.4/storage/data sets/raw/,2024-04-09 12:00:15
save_data,lorenz_raw_1_to_12000,C:/Users/tsmac/OneDrive/Documents/Machine-Learning-Experiments_v0.4/storage/data sets/raw/,2024-04-09 12:00:17
load_data,lorenz_raw_1_to_12000,C:/Users/tsmac/OneDrive/Documents/Machine-Learning-Experiments_v0.4/storage/data sets/raw/,2024-04-09 12:00:17
register_data,lorenz_raw_1_to_12000,C:/Users/tsmac/OneDrive/Documents/Machine-Learning-Experiments_v0.4/storage/data sets/raw/,2024-04-09 12:01:25
save_data,lorenz_raw_1_to_12000,C:/Users/tsmac/OneDrive/Documents/Machine-Learning-Experiments_v0.4/storage/data sets/raw/,2024-04-09 12:01:25
load_data,lorenz_raw_1_to_12000,C:/Users/tsmac/OneDrive/Documents/Machine-Learning-Experiments_v0.4/storage/data sets/raw/,2024-04-09 12:01:25
register_data,lorenz_raw_1_to_120000,C:/Users/tsmac/OneDrive/Documents/Machine-Learning-Experiments_v0.4/storage/data sets/raw/,2024-04-09 12:04:35
save_data,lorenz_raw_1_to_120000,C:/Users/tsmac/OneDrive/Documents/Machine-Learning-Experiments_v0.4/storage/data sets/raw/,2024-04-09 12:04:35
load_data,lorenz_raw_1_to_120000,C:/Users/tsmac/OneDrive/Documents/Machine-Learning-Experiments_v0.4/storage/data sets/raw/,2024-04-09 12:04:35
register_data,lorenz_raw_1_to_120000,C:/Users/tsmac/OneDrive/Documents/Machine-Learning-Experiments_v0.4/storage/data sets/raw/,2024-04-09 12:04:47
save_data,lorenz_raw_1_to_120000,C:/Users/tsmac/OneDrive/Documents/Machine-Learning-Experiments_v0.4/storage/data sets/raw/,2024-04-09 12:04:47
load_data,lorenz_raw_1_to_120000,C:/Users/tsmac/OneDrive/Documents/Machine-Learning-Experiments_v0.4/storage/data sets/raw/,2024-04-09 12:04:47
register_data,lorenz_raw_1_to_120000,C:/Users/tsmac/OneDrive/Documents/Machine-Learning-Experiments_v0.4/storage/data sets/raw/,2024-04-09 12:05:43
save_data,lorenz_raw_1_to_120000,C:/Users/tsmac/OneDrive/Documents/Machine-Learning-Experiments_v0.4/storage/data sets/raw/,2024-04-09 12:05:43
load_data,lorenz_raw_1_to_120000,C:/Users/tsmac/OneDrive/Documents/Machine-Learning-Experiments_v0.4/storage/data sets/raw/,2024-04-09 12:05:43
register_data,lorenz_raw_1_to_120000,C:/Users/tsmac/OneDrive/Documents/Machine-Learning-Experiments_v0.4/storage/data sets/raw/,2024-04-09 12:07:31
save_data,lorenz_raw_1_to_120000,C:/Users/tsmac/OneDrive/Documents/Machine-Learning-Experiments_v0.4/storage/data sets/raw/,2024-04-09 12:07:31
load_data,lorenz_raw_1_to_120000,C:/Users/tsmac/OneDrive/Documents/Machine-Learning-Experiments_v0.4/storage/data sets/raw/,2024-04-09 12:07:31
register_data,lorenz_raw_1_to_300000,C:/Users/tsmac/OneDrive/Documents/Machine-Learning-Experiments_v0.4/storage/data sets/raw/,2024-04-09 12:08:29
save_data,lorenz_raw_1_to_300000,C:/Users/tsmac/OneDrive/Documents/Machine-Learning-Experiments_v0.4/storage/data sets/raw/,2024-04-09 12:08:29
load_data,lorenz_raw_1_to_300000,C:/Users/tsmac/OneDrive/Documents/Machine-Learning-Experiments_v0.4/storage/data sets/raw/,2024-04-09 12:08:29
register_data,lorenz_raw_1_to_150000,C:/Users/tsmac/OneDrive/Documents/Machine-Learning-Experiments_v0.4/storage/data sets/raw/,2024-04-09 12:13:40
save_data,lorenz_raw_1_to_150000,C:/Users/tsmac/OneDrive/Documents/Machine-Learning-Experiments_v0.4/storage/data sets/raw/,2024-04-09 12:13:40
load_data,lorenz_raw_1_to_150000,C:/Users/tsmac/OneDrive/Documents/Machine-Learning-Experiments_v0.4/storage/data sets/raw/,2024-04-09 12:13:40
register_data,lorenz_raw_1_to_150000,C:/Users/tsmac/OneDrive/Documents/Machine-Learning-Experiments_v0.4/storage/data sets/raw/,2024-04-09 12:20:56
save_data,lorenz_raw_1_to_150000,C:/Users/tsmac/OneDrive/Documents/Machine-Learning-Experiments_v0.4/storage/data sets/raw/,2024-04-09 12:20:58
load_data,lorenz_raw_1_to_150000,C:/Users/tsmac/OneDrive/Documents/Machine-Learning-Experiments_v0.4/storage/data sets/raw/,2024-04-09 12:20:58
register_data,lorenz_raw_1_to_150000,C:/Users/tsmac/OneDrive/Documents/Machine-Learning-Experiments_v0.4/storage/data sets/raw/,2024-04-09 12:21:47
save_data,lorenz_raw_1_to_150000,C:/Users/tsmac/OneDrive/Documents/Machine-Learning-Experiments_v0.4/storage/data sets/raw/,2024-04-09 12:21:47
load_data,lorenz_raw_1_to_150000,C:/Users/tsmac/OneDrive/Documents/Machine-Learning-Experiments_v0.4/storage/data sets/raw/,2024-04-09 12:21:47
register_data,lorenz_raw_1_to_150000,C:/Users/tsmac/OneDrive/Documents/Machine-Learning-Experiments_v0.4/storage/data sets/raw/,2024-04-09 12:23:32
save_data,lorenz_raw_1_to_150000,C:/Users/tsmac/OneDrive/Documents/Machine-Learning-Experiments_v0.4/storage/data sets/raw/,2024-04-09 12:23:34
load_data,lorenz_raw_1_to_150000,C:/Users/tsmac/OneDrive/Documents/Machine-Learning-Experiments_v0.4/storage/data sets/raw/,2024-04-09 12:23:34
register_data,lorenz_raw_1_to_200000,C:/Users/tsmac/OneDrive/Documents/Machine-Learning-Experiments_v0.4/storage/data sets/raw/,2024-04-09 12:32:42
save_data,lorenz_raw_1_to_200000,C:/Users/tsmac/OneDrive/Documents/Machine-Learning-Experiments_v0.4/storage/data sets/raw/,2024-04-09 12:32:42
load_data,lorenz_raw_1_to_200000,C:/Users/tsmac/OneDrive/Documents/Machine-Learning-Experiments_v0.4/storage/data sets/raw/,2024-04-09 12:32:42
register_data,lorenz_raw_1_to_300000,C:/Users/tsmac/OneDrive/Documents/Machine-Learning-Experiments_v0.4/storage/data sets/raw/,2024-04-09 12:32:46
save_data,lorenz_raw_1_to_300000,C:/Users/tsmac/OneDrive/Documents/Machine-Learning-Experiments_v0.4/storage/data sets/raw/,2024-04-09 12:32:46
load_data,lorenz_raw_1_to_300000,C:/Users/tsmac/OneDrive/Documents/Machine-Learning-Experiments_v0.4/storage/data sets/raw/,2024-04-09 12:32:46
register_data,lorenz_raw_1_to_300000,C:/Users/tsmac/OneDrive/Documents/Machine-Learning-Experiments_v0.4/storage/data sets/raw/,2024-04-09 12:34:50
save_data,lorenz_raw_1_to_300000,C:/Users/tsmac/OneDrive/Documents/Machine-Learning-Experiments_v0.4/storage/data sets/raw/,2024-04-09 12:34:50
load_data,lorenz_raw_1_to_300000,C:/Users/tsmac/OneDrive/Documents/Machine-Learning-Experiments_v0.4/storage/data sets/raw/,2024-04-09 12:34:50
register_data,lorenz_raw_1_to_300000,C:/Users/tsmac/OneDrive/Documents/Machine-Learning-Experiments_v0.4/storage/data sets/raw/,2024-04-09 12:41:00
save_data,lorenz_raw_1_to_300000,C:/Users/tsmac/OneDrive/Documents/Machine-Learning-Experiments_v0.4/storage/data sets/raw/,2024-04-09 12:41:02
load_data,lorenz_raw_1_to_300000,C:/Users/tsmac/OneDrive/Documents/Machine-Learning-Experiments_v0.4/storage/data sets/raw/,2024-04-09 12:41:02
register_data,lorenz_raw_1_to_300000,C:/Users/tsmac/OneDrive/Documents/Machine-Learning-Experiments_v0.4/storage/data sets/raw/,2024-04-09 12:41:47
save_data,lorenz_raw_1_to_300000,C:/Users/tsmac/OneDrive/Documents/Machine-Learning-Experiments_v0.4/storage/data sets/raw/,2024-04-09 12:41:47
load_data,lorenz_raw_1_to_300000,C:/Users/tsmac/OneDrive/Documents/Machine-Learning-Experiments_v0.4/storage/data sets/raw/,2024-04-09 12:41:47
register_data,lorenz_raw_1_to_300000,C:/Users/tsmac/OneDrive/Documents/Machine-Learning-Experiments_v0.4/storage/data sets/raw/,2024-04-09 12:44:32
save_data,lorenz_raw_1_to_300000,C:/Users/tsmac/OneDrive/Documents/Machine-Learning-Experiments_v0.4/storage/data sets/raw/,2024-04-09 12:44:34
load_data,lorenz_raw_1_to_300000,C:/Users/tsmac/OneDrive/Documents/Machine-Learning-Experiments_v0.4/storage/data sets/raw/,2024-04-09 12:44:34
register_data,lorenz_raw_1_to_300000,C:/Users/tsmac/OneDrive/Documents/Machine-Learning-Experiments_v0.4/storage/data sets/raw/,2024-04-09 12:46:35
save_data,lorenz_raw_1_to_300000,C:/Users/tsmac/OneDrive/Documents/Machine-Learning-Experiments_v0.4/storage/data sets/raw/,2024-04-09 12:46:35
load_data,lorenz_raw_1_to_300000,C:/Users/tsmac/OneDrive/Documents/Machine-Learning-Experiments_v0.4/storage/data sets/raw/,2024-04-09 12:46:35
register_data,lorenz_raw_1_to_300000,C:/Users/tsmac/OneDrive/Documents/Machine-Learning-Experiments_v0.4/storage/data sets/raw/,2024-04-09 12:47:01
save_data,lorenz_raw_1_to_300000,C:/Users/tsmac/OneDrive/Documents/Machine-Learning-Experiments_v0.4/storage/data sets/raw/,2024-04-09 12:47:01
load_data,lorenz_raw_1_to_300000,C:/Users/tsmac/OneDrive/Documents/Machine-Learning-Experiments_v0.4/storage/data sets/raw/,2024-04-09 12:47:01
register_data,lorenz_raw_1_to_300000,C:/Users/tsmac/OneDrive/Documents/Machine-Learning-Experiments_v0.4/storage/data sets/raw/,2024-04-09 12:48:30
save_data,lorenz_raw_1_to_300000,C:/Users/tsmac/OneDrive/Documents/Machine-Learning-Experiments_v0.4/storage/data sets/raw/,2024-04-09 12:48:30
load_data,lorenz_raw_1_to_300000,C:/Users/tsmac/OneDrive/Documents/Machine-Learning-Experiments_v0.4/storage/data sets/raw/,2024-04-09 12:48:30
register_data,lorenz_raw_1_to_300000,C:/Users/tsmac/OneDrive/Documents/Machine-Learning-Experiments_v0.4/storage/data sets/raw/,2024-04-09 12:50:25
save_data,lorenz_raw_1_to_300000,C:/Users/tsmac/OneDrive/Documents/Machine-Learning-Experiments_v0.4/storage/data sets/raw/,2024-04-09 12:50:27
load_data,lorenz_raw_1_to_300000,C:/Users/tsmac/OneDrive/Documents/Machine-Learning-Experiments_v0.4/storage/data sets/raw/,2024-04-09 12:50:27
register_data,lorenz_raw_1_to_600000,C:/Users/tsmac/OneDrive/Documents/Machine-Learning-Experiments_v0.4/storage/data sets/raw/,2024-04-09 12:50:43
save_data,lorenz_raw_1_to_600000,C:/Users/tsmac/OneDrive/Documents/Machine-Learning-Experiments_v0.4/storage/data sets/raw/,2024-04-09 12:50:43
load_data,lorenz_raw_1_to_600000,C:/Users/tsmac/OneDrive/Documents/Machine-Learning-Experiments_v0.4/storage/data sets/raw/,2024-04-09 12:50:43
register_data,lorenz_raw_1_to_600000,C:/Users/tsmac/OneDrive/Documents/Machine-Learning-Experiments_v0.4/storage/data sets/raw/,2024-04-09 12:51:44
save_data,lorenz_raw_1_to_600000,C:/Users/tsmac/OneDrive/Documents/Machine-Learning-Experiments_v0.4/storage/data sets/raw/,2024-04-09 12:51:44
load_data,lorenz_raw_1_to_600000,C:/Users/tsmac/OneDrive/Documents/Machine-Learning-Experiments_v0.4/storage/data sets/raw/,2024-04-09 12:51:44
register_data,lorenz_raw_1_to_300000,C:/Users/tsmac/OneDrive/Documents/Machine-Learning-Experiments_v0.4/storage/data sets/raw/,2024-04-09 14:49:57
save_data,lorenz_raw_1_to_300000,C:/Users/tsmac/OneDrive/Documents/Machine-Learning-Experiments_v0.4/storage/data sets/raw/,2024-04-09 14:49:57
load_data,lorenz_raw_1_to_300000,C:/Users/tsmac/OneDrive/Documents/Machine-Learning-Experiments_v0.4/storage/data sets/raw/,2024-04-09 14:49:57
register_data,lorenz_raw_1_to_300000,C:/Users/tsmac/OneDrive/Documents/Machine-Learning-Experiments_v0.4/storage/data sets/raw/,2024-04-09 14:50:37
save_data,lorenz_raw_1_to_300000,C:/Users/tsmac/OneDrive/Documents/Machine-Learning-Experiments_v0.4/storage/data sets/raw/,2024-04-09 14:50:39
load_data,lorenz_raw_1_to_300000,C:/Users/tsmac/OneDrive/Documents/Machine-Learning-Experiments_v0.4/storage/data sets/raw/,2024-04-09 14:50:39
register_data,lorenz_raw_1_to_300000,C:/Users/tsmac/OneDrive/Documents/Machine-Learning-Experiments_v0.4/storage/data sets/raw/,2024-04-09 14:53:23
save_data,lorenz_raw_1_to_300000,C:/Users/tsmac/OneDrive/Documents/Machine-Learning-Experiments_v0.4/storage/data sets/raw/,2024-04-09 14:53:25
load_data,lorenz_raw_1_to_300000,C:/Users/tsmac/OneDrive/Documents/Machine-Learning-Experiments_v0.4/storage/data sets/raw/,2024-04-09 14:53:25
register_data,lorenz_raw_1_to_600000,C:/Users/tsmac/OneDrive/Documents/Machine-Learning-Experiments_v0.4/storage/data sets/raw/,2024-04-09 14:59:43
save_data,lorenz_raw_1_to_600000,C:/Users/tsmac/OneDrive/Documents/Machine-Learning-Experiments_v0.4/storage/data sets/raw/,2024-04-09 14:59:45
load_data,lorenz_raw_1_to_600000,C:/Users/tsmac/OneDrive/Documents/Machine-Learning-Experiments_v0.4/storage/data sets/raw/,2024-04-09 14:59:45
register_data,lorenz_raw_1_to_600000,C:/Users/tsmac/OneDrive/Documents/Machine-Learning-Experiments_v0.4/storage/data sets/raw/,2024-04-09 15:02:27
save_data,lorenz_raw_1_to_600000,C:/Users/tsmac/OneDrive/Documents/Machine-Learning-Experiments_v0.4/storage/data sets/raw/,2024-04-09 15:02:29
load_data,lorenz_raw_1_to_600000,C:/Users/tsmac/OneDrive/Documents/Machine-Learning-Experiments_v0.4/storage/data sets/raw/,2024-04-09 15:02:29
register_data,lorenz_raw_1_to_200000,C:/Users/tsmac/OneDrive/Documents/Machine-Learning-Experiments_v0.4/storage/data sets/raw/,2024-04-09 15:02:57
save_data,lorenz_raw_1_to_200000,C:/Users/tsmac/OneDrive/Documents/Machine-Learning-Experiments_v0.4/storage/data sets/raw/,2024-04-09 15:02:57
load_data,lorenz_raw_1_to_200000,C:/Users/tsmac/OneDrive/Documents/Machine-Learning-Experiments_v0.4/storage/data sets/raw/,2024-04-09 15:02:57
register_data,lorenz_raw_1_to_200000,C:/Users/tsmac/OneDrive/Documents/Machine-Learning-Experiments_v0.4/storage/data sets/raw/,2024-04-09 15:03:06
save_data,lorenz_raw_1_to_200000,C:/Users/tsmac/OneDrive/Documents/Machine-Learning-Experiments_v0.4/storage/data sets/raw/,2024-04-09 15:03:06
load_data,lorenz_raw_1_to_200000,C:/Users/tsmac/OneDrive/Documents/Machine-Learning-Experiments_v0.4/storage/data sets/raw/,2024-04-09 15:03:06
register_data,lorenz_raw_1_to_400000,C:/Users/tsmac/OneDrive/Documents/Machine-Learning-Experiments_v0.4/storage/data sets/raw/,2024-04-09 15:04:58
save_data,lorenz_raw_1_to_400000,C:/Users/tsmac/OneDrive/Documents/Machine-Learning-Experiments_v0.4/storage/data sets/raw/,2024-04-09 15:04:58
load_data,lorenz_raw_1_to_400000,C:/Users/tsmac/OneDrive/Documents/Machine-Learning-Experiments_v0.4/storage/data sets/raw/,2024-04-09 15:04:58
register_data,lorenz_raw_1_to_400000,C:/Users/tsmac/OneDrive/Documents/Machine-Learning-Experiments_v0.4/storage/data sets/raw/,2024-04-09 15:06:21
save_data,lorenz_raw_1_to_400000,C:/Users/tsmac/OneDrive/Documents/Machine-Learning-Experiments_v0.4/storage/data sets/raw/,2024-04-09 15:06:21
load_data,lorenz_raw_1_to_400000,C:/Users/tsmac/OneDrive/Documents/Machine-Learning-Experiments_v0.4/storage/data sets/raw/,2024-04-09 15:06:21
register_data,lorenz_raw_1_to_400000,C:/Users/tsmac/Documents/Code/Deeplearning_Timeseries_Architecture_Search_0.4/storage/data sets/raw/,2025-09-24 23:50:49
save_data,lorenz_raw_1_to_400000,C:/Users/tsmac/Documents/Code/Deeplearning_Timeseries_Architecture_Search_0.4/storage/data sets/raw/,2025-09-24 23:50:52
load_data,lorenz_raw_1_to_400000,C:/Users/tsmac/Documents/Code/Deeplearning_Timeseries_Architecture_Search_0.4/storage/data sets/raw/,2025-09-24 23:50:52
register_data,lorenz_raw_1_to_400000,C:/Users/tsmac/Documents/Code/Deeplearning_Timeseries_Architecture_Search_0.4/storage/data sets/raw/,2025-09-24 23:52:09
save_data,lorenz_raw_1_to_400000,C:/Users/tsmac/Documents/Code/Deeplearning_Timeseries_Architecture_Search_0.4/storage/data sets/raw/,2025-09-24 23:52:09
load_data,lorenz_raw_1_to_400000,C:/Users/tsmac/Documents/Code/Deeplearning_Timeseries_Architecture_Search_0.4/storage/data sets/raw/,2025-09-24 23:52:09
register_data,lorenz_raw_1_to_400000,C:/Users/tsmac/Documents/Code/Deeplearning_Timeseries_Architecture_Search_0.4/storage/data sets/raw/,2025-09-24 23:53:30
save_data,lorenz_raw_1_to_400000,C:/Users/tsmac/Documents/Code/Deeplearning_Timeseries_Architecture_Search_0.4/storage/data sets/raw/,2025-09-24 23:53:30
load_data,lorenz_raw_1_to_400000,C:/Users/tsmac/Documents/Code/Deeplearning_Timeseries_Architecture_Search_0.4/storage/data sets/raw/,2025-09-24 23:53:30
register_data,lorenz_raw_1_to_400000,C:/Users/tsmac/Documents/Code/Deeplearning_Timeseries_Architecture_Search_0.4/storage/data sets/raw/,2025-09-24 23:53:47
save_data,lorenz_raw_1_to_400000,C:/Users/tsmac/Documents/Code/Deeplearning_Timeseries_Architecture_Search_0.4/storage/data sets/raw/,2025-09-24 23:53:47
load_data,lorenz_raw_1_to_400000,C:/Users/tsmac/Documents/Code/Deeplearning_Timeseries_Architecture_Search_0.4/storage/data sets/raw/,2025-09-24 23:53:47
register_data,lorenz_raw_1_to_400000,C:/Users/tsmac/Documents/Code/Deeplearning_Timeseries_Architecture_Search_0.4/storage/data sets/raw/,2025-09-24 23:55:21
save_data,lorenz_raw_1_to_400000,C:/Users/tsmac/Documents/Code/Deeplearning_Timeseries_Architecture_Search_0.4/storage/data sets/raw/,2025-09-24 23:55:21
load_data,lorenz_raw_1_to_400000,C:/Users/tsmac/Documents/Code/Deeplearning_Timeseries_Architecture_Search_0.4/storage/data sets/raw/,2025-09-24 23:55:21
register_data,lorenz_raw_1_to_400000,C:/Users/tsmac/Documents/Code/Deeplearning_Timeseries_Architecture_Search_0.4/storage/data sets/raw/,2025-09-27 21:41:04
save_data,lorenz_raw_1_to_400000,C:/Users/tsmac/Documents/Code/Deeplearning_Timeseries_Architecture_Search_0.4/storage/data sets/raw/,2025-09-27 21:41:06
load_data,lorenz_raw_1_to_400000,C:/Users/tsmac/Documents/Code/Deeplearning_Timeseries_Architecture_Search_0.4/storage/data sets/raw/,2025-09-27 21:41:06
register_data,lorenz_raw_1_to_400000,C:/Users/tsmac/Documents/Code/Deeplearning_Timeseries_Architecture_Search_0.4/storage/data sets/raw/,2025-09-27 21:41:35
save_data,lorenz_raw_1_to_400000,C:/Users/tsmac/Documents/Code/Deeplearning_Timeseries_Architecture_Search_0.4/storage/data sets/raw/,2025-09-27 21:41:35
load_data,lorenz_raw_1_to_400000,C:/Users/tsmac/Documents/Code/Deeplearning_Timeseries_Architecture_Search_0.4/storage/data sets/raw/,2025-09-27 21:41:35
register_data,lorenz_raw_1_to_400000,C:/Users/tsmac/Documents/Code/Deeplearning_Timeseries_Architecture_Search_0.4/storage/data sets/raw/,2025-09-27 21:41:55
save_data,lorenz_raw_1_to_400000,C:/Users/tsmac/Documents/Code/Deeplearning_Timeseries_Architecture_Search_0.4/storage/data sets/raw/,2025-09-27 21:41:55
load_data,lorenz_raw_1_to_400000,C:/Users/tsmac/Documents/Code/Deeplearning_Timeseries_Architecture_Search_0.4/storage/data sets/raw/,2025-09-27 21:41:55
